<?xml version="1.0" encoding="UTF-8"?>

<!DOCTYPE hibernate-configuration PUBLIC
        "-//Hibernate/Hibernate Configuration DTD 3.0//EN"
        "http://www.hibernate.org/dtd/hibernate-configuration-3.0.dtd">

<hibernate-configuration>

    <session-factory>

        <!-- JDBC Database connection settings -->
        <property name="connection.driver_class">com.mysql.cj.jdbc.Driver</property>
        <property name="connection.url">jdbc:mysql://localhost:3306/hibernate_crud3</property>
        <property name="connection.username">root</property>
        <property name="connection.password">MySQL_@123456</property>

        <!-- JDBC connection pool settings ... using built-in test pool -->
        <property name="connection.pool_size">1</property>

        <!-- Select our SQL dialect -->
        <property name="dialect">org.hibernate.dialect.MySQL8Dialect</property>

       
        <property name="show_sql">true</property>
		<property name="cache.use_second_level_cache">true</property>
		<property name="hibernate.cache.use_query_cache">true</property>
       	<property name="cache.region.factory_class">org.hibernate.cache.ehcache.internal.EhcacheRegionFactory</property>
        <property name="current_session_context_class">thread</property>

       <property name="hibernate.hbm2ddl.auto">update</property>
       
       <mapping class="com.gl.entity.Teacher"/>
       <mapping class="com.gl.entity.TeacherDetails"/>

    </session-factory>

</hibernate-configuration>

